,lr_1,max_epochs_1,final_loss,max_loss,time_taken,epoch_final,final_select
0,0.0005,500,4.231284141540527,3.0,00:04,500.0,0
1,0.0001,500,4.800384998321533,3.0,00:04,500.0,0
2,0.001,500,3.0238068103790283,3.0,00:03,380.0,1
