,lr_1,max_epochs_1,final_loss,max_loss,time_taken,epoch_final,final_select
0,0.0005,500,2.1197636127471924,3,00:02,0,1
1,0.0001,500,2.421125888824463,3,00:02,0,0
