,lr_1,max_epochs_1,final_loss,max_loss,time_taken,epoch_final,final_select
0,0.0005,500,-3.1808297634124756,3,00:00,0,1
1,0.0001,500,-3.097046136856079,3,00:00,0,0
