,lr_1,max_epochs_1,final_loss,max_loss,time_taken,epoch_final,final_select
0,0.0005,500,10.604938507080078,3,00:09,500,1
1,0.0001,500,10.71768569946289,3,00:10,500,0
