,impute_method,mean_roc_auc,mean_accuracy,sd_roc_auc,hyp
0,ExpandGAN,0.5470939044992358,0.5398863348749453,0.08216850356537489,HistGradientBoostingClassifier(min_samples_leaf=50)
0,GAN,0.5885536984191693,0.5819930512413428,0.07536037868260076,"HistGradientBoostingClassifier(learning_rate=1, min_samples_leaf=10)"
0,SMOTE,0.520745572315079,0.5135868939969168,0.03674520822027082,HistGradientBoostingClassifier(min_samples_leaf=10)
0,RO,0.5625160423366701,0.5558086560364465,0.06932643760421994,HistGradientBoostingClassifier(min_samples_leaf=10)
