,impute_method,mean_roc_auc,mean_accuracy,sd_roc_auc,hyp
0,ExpandGAN,0.5014487338149979,0.3653535353535354,0.005071837945979607,"SVC(C=5, gamma=0.1)"
0,GAN,0.5000110756689704,0.3485858585858586,0.00011020151483105708,"SVC(C=5, gamma=0.1)"
0,SMOTE,0.8640710382513661,0.88,0.0,"SVC(C=1, gamma=0.1, kernel='linear')"
0,RO,0.8640710382513661,0.88,0.0,"SVC(C=1, gamma=0.1, kernel='linear')"
