,lr_1,max_epochs_1,final_loss,max_loss,time_taken,epoch_final,final_select
0,0.0005,500,10.406322479248047,3,00:12,500,0
1,0.0001,500,10.403898239135742,3,00:12,500,1
