,lr_1,max_epochs_1,final_loss,max_loss,time_taken,epoch_final,final_select
0,0.0005,500,10.625951766967773,3,00:01,500,1
1,0.0001,500,10.794157028198242,3,00:01,500,0
