,lr_1,max_epochs_1,final_loss,max_loss,time_taken,epoch_final,final_select
0,0.0005,500,-0.9518465995788574,3,00:02,0,1
1,0.0001,500,-0.5313422679901123,3,00:02,0,0
