,impute_method,mean_roc_auc,mean_accuracy,sd_roc_auc,hyp
0,ExpandGAN,0.5869916152053671,0.5804284300867444,0.12674730008549953,"HistGradientBoostingClassifier(learning_rate=0.01, min_samples_leaf=50)"
0,GAN,0.6595783654515592,0.6545178435839029,0.11699674231441855,HistGradientBoostingClassifier(min_samples_leaf=10)
0,SMOTE,0.5307017819785633,0.5232507305400245,0.07141615002797158,HistGradientBoostingClassifier(min_samples_leaf=10)
0,RO,0.5405537688796284,0.5337198867950577,0.08447576534292664,HistGradientBoostingClassifier(min_samples_leaf=10)
