,impute_method,mean_roc_auc,mean_accuracy,sd_roc_auc,hyp
0,ExpandGAN,0.5,0.5079726651480638,0.0,"SVC(C=5, gamma=0.1)"
0,GAN,0.8061711409058195,0.8032258806746279,0.10004504755373525,"SVC(C=1, gamma=0.1, kernel='linear')"
0,SMOTE,0.8070295631954825,0.8041002277904328,0.0,"SVC(C=1, gamma=0.1, kernel='linear')"
0,RO,0.8070295631954825,0.8041002277904328,0.0,"SVC(C=1, gamma=0.1, kernel='linear')"
