,impute_method,mean_roc_auc,mean_accuracy,sd_roc_auc,hyp,n_expand
0,ExpandGAN,0.5,0.5079726651480638,0.0,"SVC(C=5, gamma=0.1)",0.25
0,GAN,0.7995463898241676,0.7964611950944525,0.10537609183341762,"SVC(C=1, gamma=0.1, kernel='linear')",
0,SMOTE,0.8070295631954825,0.8041002277904328,0.0,"SVC(C=1, gamma=0.1, kernel='linear')",
0,RO,0.8070295631954825,0.8041002277904328,0.0,"SVC(C=1, gamma=0.1, kernel='linear')",
0,ExpandGAN,0.5497563032752371,0.5489979521870183,0.17445553335956462,"SVC(C=1, gamma=0.1, kernel='linear')",0.5
0,ExpandGAN,0.5,0.5079726651480638,0.0,"SVC(C=5, gamma=0.1)",0.75
0,ExpandGAN,0.5,0.5079726651480638,0.0,"SVC(C=5, gamma=0.1)",1.0
