,impute_method,mean_roc_auc,mean_accuracy,sd_roc_auc,hyp
0,ExpandGAN,0.5003920060542149,0.38277056277056276,0.0011562678304277354,"SVC(C=1, gamma=0.1)"
0,GAN,0.7458181179061247,0.7444011544011544,0.020459833034156917,"SVC(C=1, gamma=0.1, kernel='linear')"
0,SMOTE,0.8441005176876616,0.8614285714285715,0.0,"SVC(C=1, gamma=0.1, kernel='linear')"
0,RO,0.8441005176876616,0.8614285714285715,0.0,"SVC(C=1, gamma=0.1, kernel='linear')"
