,impute_method,mean_roc_auc,mean_accuracy,sd_roc_auc,hyp,n_expand
0,ExpandGAN,0.5000332270069112,0.3486147186147186,0.00018891688256752643,"SVC(C=1, gamma=0.1)",0.25
0,GAN,0.5,0.3516305916305916,0.0,"SVC(C=5, gamma=0.1)",
0,SMOTE,0.8441005176876616,0.8614285714285715,0.0,"SVC(C=1, gamma=0.1, kernel='linear')",
0,RO,0.8441005176876616,0.8614285714285715,0.0,"SVC(C=1, gamma=0.1, kernel='linear')",
0,ExpandGAN,0.500369854716274,0.36438672438672437,0.0017890658199036086,"SVC(C=5, gamma=0.1)",0.5
0,ExpandGAN,0.5002413043288798,0.352020202020202,0.0008627328665942326,"SVC(C=1, gamma=0.1)",0.75
0,ExpandGAN,0.5001873785307781,0.3703174603174603,0.0008880243708168172,"SVC(C=1, gamma=0.1)",1.0
