,impute_method,mean_roc_auc,mean_accuracy,sd_roc_auc,hyp,n_expand
0,ExpandGAN,0.5384609254813539,0.5339499781413221,0.10658913195246592,"SVC(C=1, gamma=0.1, kernel='linear')",0.25
0,GAN,0.5153071153320281,0.5075815098594142,0.03424572481534144,"SVC(C=1, gamma=0.1, kernel='linear')",
0,SMOTE,0.5,0.4920273348519362,0.0,"SVC(C=1, gamma=0.1, kernel='linear')",
0,RO,0.5,0.4920273348519362,0.0,"SVC(C=1, gamma=0.1, kernel='linear')",
0,ExpandGAN,0.5609073000390888,0.5577184142104415,0.15299094644598793,"SVC(C=1, gamma=0.1, kernel='linear')",0.5
0,ExpandGAN,0.5,0.5079726651480638,0.0,"SVC(C=5, gamma=0.1)",0.75
0,ExpandGAN,0.5,0.5079726651480638,0.0,"SVC(C=5, gamma=0.1)",1.0
