,lr_1,max_epochs_1,final_loss,max_loss,time_taken,epoch_final,final_select
0,0.0005,500,10.984363555908203,3,00:11,500,1
1,0.0001,500,11.028897285461426,3,00:10,500,0
