,impute_method,mean_roc_auc,mean_accuracy,sd_roc_auc,hyp,n_expand
0,ExpandGAN,0.5781388666602917,0.5758496122960816,0.20690610889865194,"SVC(C=1, gamma=0.1, kernel='linear')",0.25
0,GAN,0.6499625049699788,0.6444168334828927,0.14899744451584027,"SVC(C=1, gamma=0.1, kernel='linear')",
0,SMOTE,0.5,0.4920273348519362,0.0,"SVC(C=1, gamma=0.1, kernel='linear')",
0,RO,0.5,0.4920273348519362,0.0,"SVC(C=1, gamma=0.1, kernel='linear')",
0,ExpandGAN,0.5399995218754561,0.5377694944893123,0.20761593745390686,"SVC(C=5, gamma=0.1, kernel='linear')",0.5
0,ExpandGAN,0.5,0.5079726651480638,0.0,"SVC(C=5, gamma=0.1)",0.75
0,ExpandGAN,0.5,0.5079726651480638,0.0,"SVC(C=5, gamma=0.1)",1.0
