,impute_method,mean_roc_auc,mean_accuracy,sd_roc_auc,hyp
0,ExpandGAN,0.5339773545117342,0.5319711925634477,0.19439503186556611,"SVC(C=1, gamma=0.1, kernel='linear')"
0,GAN,0.6695691762333515,0.664319734934769,0.14551255033291033,"SVC(C=1, gamma=0.1, kernel='linear')"
0,SMOTE,0.5,0.4920273348519362,0.0,"SVC(C=1, gamma=0.1, kernel='linear')"
0,RO,0.5,0.4920273348519362,0.0,"SVC(C=1, gamma=0.1, kernel='linear')"
