,lr_1,max_epochs_1,final_loss,max_loss,time_taken,epoch_final,final_select
0,0.0005,500,10.406293869018555,3,00:12,500,0
1,0.0001,500,10.403914451599121,3,00:12,500,1
