,lr_1,max_epochs_1,final_loss,max_loss,time_taken,epoch_final,final_select
0,0.0005,500,1.1674022674560547,3,00:02,0,1
1,0.0001,500,1.2457560300827026,3,00:02,0,0
