,impute_method,mean_roc_auc,mean_accuracy,sd_roc_auc,hyp
0,ExpandGAN,0.5001993620414673,0.36718614718614717,0.0011688439594859787,"SVC(C=5, gamma=0.1)"
0,GAN,0.5,0.3516305916305916,0.0,"SVC(C=1, gamma=0.1)"
0,SMOTE,0.8615900884019954,0.8767676767676768,0.0004849786615047776,"SVC(C=1, gamma=0.1, kernel='linear')"
0,RO,0.8616676180847882,0.8768686868686869,0.00043400658656723735,"SVC(C=1, gamma=0.1, kernel='linear')"
