,lr_1,max_epochs_1,final_loss,max_loss,time_taken,epoch_final,final_select
0,0.0005,500,10.503473281860352,3,00:11,500,1
1,0.0001,500,10.538626670837402,3,00:11,500,0
