,lr_1,max_epochs_1,final_loss,max_loss,time_taken,epoch_final,final_select
0,0.0005,500,5.383772850036621,3.0,00:04,500,0
1,0.0001,500,5.504356861114502,3.0,00:04,500,0
2,0.001,500,4.8362507820129395,3.0,00:04,500,1
