,lr_1,max_epochs_1,final_loss,max_loss,time_taken,epoch_final,final_select
0,0.0005,500,8.426477432250977,3.0,00:02,500,0
1,0.0001,500,8.460686683654785,3.0,00:02,500,0
2,0.001,500,8.38050651550293,3.0,00:02,500,1
