,lr_1,max_epochs_1,final_loss,max_loss,time_taken,epoch_final,final_select
0,0.0005,500,2.6572859287261963,3.0,00:01,0,0
1,0.0001,500,2.663717746734619,3.0,00:01,0,0
2,0.001,500,2.6408627033233643,3.0,00:00,0,1
