,lr_1,max_epochs_1,final_loss,max_loss,time_taken,epoch_final,final_select
0,0.0005,500,9.188087463378906,3,00:08,500,1
1,0.0001,500,9.208219528198242,3,00:08,500,0
