,lr_1,max_epochs_1,final_loss,max_loss,time_taken,epoch_final,final_select
0,0.0005,500,10.65843677520752,3,00:03,500,1
1,0.0001,500,10.702280044555664,3,00:03,500,0
