,impute_method,mean_roc_auc,mean_accuracy,sd_roc_auc,hyp,n_expand
0,ExpandGAN,0.9108413682277319,0.9094650205761317,0.06150742858452696,"HistGradientBoostingClassifier(learning_rate=1, min_samples_leaf=10)",0.25
0,GAN,0.9192206152433425,0.9195660306771418,0.054915320882832894,"HistGradientBoostingClassifier(learning_rate=1, min_samples_leaf=25)",
0,SMOTE,0.9209423783287419,0.9064721286943508,0.017667232870959133,"HistGradientBoostingClassifier(learning_rate=1, min_samples_leaf=25)",
0,RO,0.9403409090909091,0.9292929292929293,0.009029462443704134,HistGradientBoostingClassifier(min_samples_leaf=10),
0,ExpandGAN,0.8850436179981636,0.8930041152263374,0.08340597349231674,"HistGradientBoostingClassifier(learning_rate=1, min_samples_leaf=25)",0.5
0,ExpandGAN,0.9181301652892562,0.9221848110736999,0.06702128088604947,HistGradientBoostingClassifier(min_samples_leaf=75),0.75
0,ExpandGAN,0.9160066574839303,0.9150766928544707,0.06835572481690319,HistGradientBoostingClassifier(min_samples_leaf=10),1.0
