,lr_1,max_epochs_1,final_loss,max_loss,time_taken,epoch_final,final_select
0,0.0005,500,10.085026741027832,3,00:01,500,0
1,0.0001,500,10.076043128967285,3,00:01,500,1
