,lr_1,max_epochs_1,final_loss,max_loss,time_taken,epoch_final,final_select
0,0.0005,500,9.184676170349121,3,00:09,500,1
1,0.0001,500,9.2090425491333,3,00:08,500,0
