,lr_1,max_epochs_1,final_loss,max_loss,time_taken,epoch_final,final_select
0,0.0005,500,10.601795196533203,3,00:13,500,1
1,0.0001,500,10.629095077514648,3,00:14,500,0
