,lr_1,max_epochs_1,final_loss,max_loss,time_taken,epoch_final,final_select
0,0.0005,500,4.49763822555542,3,00:01,100.0,1
1,0.0001,500,4.864830017089844,3,00:01,100.0,0
