,impute_method,mean_roc_auc,mean_accuracy,sd_roc_auc,hyp
0,ExpandGAN,0.5,0.5079726651480638,0.0,"SVC(C=5, gamma=0.1)"
0,GAN,0.5905174691609669,0.5839948459538437,0.05791103497340246,"SVC(C=1, gamma=0.1, kernel='linear')"
0,SMOTE,0.6515830955292838,0.646027472906744,0.001101139735669972,"SVC(C=1, gamma=0.1, kernel='linear')"
0,RO,0.6515830955292838,0.646027472906744,0.001101139735669972,"SVC(C=1, gamma=0.1, kernel='linear')"
