,lr_1,max_epochs_1,final_loss,max_loss,time_taken,epoch_final,final_select
0,0.0005,500,10.872323036193848,3,00:09,500,1
1,0.0001,500,10.882088661193848,3,00:09,500,0
