,lr_1,max_epochs_1,final_loss,max_loss,time_taken,epoch_final,final_select
0,0.0005,500,10.503731727600098,3,00:11,500,1
1,0.0001,500,10.53864860534668,3,00:11,500,0
