,impute_method,mean_roc_auc,mean_accuracy,sd_roc_auc,hyp
0,ExpandGAN,0.5343854380040229,0.5310048089091369,0.18996960682719688,"SVC(C=75, gamma=0.1, kernel='linear')"
0,GAN,0.6502933126313793,0.6447849796369158,0.1577697116535433,"SVC(C=1, gamma=0.1, kernel='linear')"
0,SMOTE,0.5,0.4920273348519362,0.0,"SVC(C=1, gamma=0.1, kernel='linear')"
0,RO,0.5,0.4920273348519362,0.0,"SVC(C=1, gamma=0.1, kernel='linear')"
