,lr_1,max_epochs_1,final_loss,max_loss,time_taken,epoch_final,final_select
0,0.0005,500,10.62716007232666,3,00:03,500,1
1,0.0001,500,10.67959213256836,3,00:03,500,0
