,impute_method,mean_roc_auc,mean_accuracy,sd_roc_auc,hyp
0,ExpandGAN,0.5011398860622329,0.40826839826839834,0.0034516647161306853,"SVC(C=5, gamma=0.1)"
0,GAN,0.6997077475938562,0.705050505050505,0.033864244779616186,"SVC(C=1, gamma=0.1, kernel='linear')"
0,SMOTE,0.8574022145527754,0.88,0.0,"SVC(C=1, gamma=0.1, kernel='linear')"
0,RO,0.8574022145527754,0.88,0.0,"SVC(C=1, gamma=0.1, kernel='linear')"
