,impute_method,mean_roc_auc,mean_accuracy,sd_roc_auc,hyp
0,ExpandGAN,0.5002022671349677,0.3488600288600289,0.0005423631848138139,"SVC(C=1, gamma=0.1)"
0,GAN,0.5000110756689704,0.3485858585858586,0.00011020151483105708,"SVC(C=5, gamma=0.1)"
0,SMOTE,0.8640710382513661,0.88,0.0,"SVC(C=1, gamma=0.1, kernel='linear')"
0,RO,0.8640710382513661,0.88,0.0,"SVC(C=1, gamma=0.1, kernel='linear')"
