,lr_1,max_epochs_1,final_loss,max_loss,time_taken,epoch_final,final_select
0,0.0005,500,10.601642608642578,3,00:08,500,1
1,0.0001,500,10.717009544372559,3,00:08,500,0
