,lr_1,max_epochs_1,final_loss,max_loss,time_taken,epoch_final,final_select
0,0.0005,500,2.8091981410980225,3,00:02,0.0,1
1,0.0001,500,3.1438231468200684,3,00:02,20.0,0
