,lr_1,max_epochs_1,final_loss,max_loss,time_taken,epoch_final,final_select
0,0.0005,500,10.512245178222656,3,00:01,500,1
1,0.0001,500,10.638731002807617,3,00:01,500,0
