,lr_1,max_epochs_1,final_loss,max_loss,time_taken,epoch_final,final_select
0,0.0005,500,11.467426300048828,3,00:02,500,1
1,0.0001,500,11.484885215759277,3,00:02,500,0
