,impute_method,mean_roc_auc,mean_accuracy,sd_roc_auc,hyp
0,ExpandGAN,0.5307263173169999,0.5286578771772393,0.19214750223424548,"SVC(C=1, gamma=0.1, kernel='linear')"
0,GAN,0.6696597682521948,0.6644117714732749,0.14558313851611604,"SVC(C=1, gamma=0.1, kernel='linear')"
0,SMOTE,0.5,0.4920273348519362,0.0,"SVC(C=1, gamma=0.1, kernel='linear')"
0,RO,0.5,0.4920273348519362,0.0,"SVC(C=1, gamma=0.1, kernel='linear')"
