,impute_method,mean_roc_auc,mean_accuracy,sd_roc_auc,hyp,n_expand
0,ExpandGAN,0.5,0.35468975468975467,0.0,"SVC(C=5, gamma=0.1)",0.25
0,GAN,0.5,0.3516305916305916,0.0,"SVC(C=5, gamma=0.1)",
0,SMOTE,0.8701287029048029,0.8928571428571429,0.0,"SVC(C=1, gamma=0.1, kernel='linear')",
0,RO,0.8701287029048029,0.8928571428571429,0.0,"SVC(C=1, gamma=0.1, kernel='linear')",
0,ExpandGAN,0.5,0.35468975468975467,0.0,"SVC(C=5, gamma=0.1)",0.5
0,ExpandGAN,0.5008301304677492,0.3648484848484849,0.003813064351927328,"SVC(C=5, gamma=0.1)",0.75
0,ExpandGAN,0.5003502453351462,0.37069264069264074,0.003333366643753244,"SVC(C=5, gamma=0.1)",1.0
