,lr_1,max_epochs_1,final_loss,max_loss,time_taken,epoch_final,final_select
0,0.0005,500,9.430951118469238,3,00:01,500,1
1,0.0001,500,9.610349655151367,3,00:01,500,0
