,lr_1,max_epochs_1,final_loss,max_loss,time_taken,epoch_final,final_select
0,0.0005,500,10.796425819396973,3,00:10,500,1
1,0.0001,500,10.804055213928223,3,00:10,500,0
