,lr_1,max_epochs_1,final_loss,max_loss,time_taken,epoch_final,final_select
0,0.0005,500,11.521818161010742,3,00:02,500,1
1,0.0001,500,11.535589218139648,3,00:02,500,0
