,lr_1,max_epochs_1,final_loss,max_loss,time_taken,epoch_final,final_select
0,0.0005,500,9.429717063903809,3,00:01,500,1
1,0.0001,500,9.58548641204834,3,00:01,500,0
