,impute_method,mean_roc_auc,mean_accuracy,sd_roc_auc,hyp
0,ExpandGAN,0.5005321768156108,0.37077922077922076,0.003296172075622629,"SVC(C=1, gamma=0.1)"
0,GAN,0.746142217399767,0.7448484848484848,0.020510303997928022,"SVC(C=1, gamma=0.1, kernel='linear')"
0,SMOTE,0.8441005176876616,0.8614285714285715,0.0,"SVC(C=1, gamma=0.1, kernel='linear')"
0,RO,0.8441005176876616,0.8614285714285715,0.0,"SVC(C=1, gamma=0.1, kernel='linear')"
