,impute_method,mean_roc_auc,mean_accuracy,sd_roc_auc,hyp,n_expand
0,ExpandGAN,0.5,0.35774891774891776,0.0,"SVC(C=1, gamma=0.1)",0.25
0,GAN,0.7517067424315051,0.7531890331890331,0.026229079307378778,"SVC(C=1, gamma=0.1, kernel='linear')",
0,SMOTE,0.8674503882657464,0.8757142857142856,0.0,"SVC(C=1, gamma=0.1, kernel='linear')",
0,RO,0.8674503882657464,0.8757142857142856,0.0,"SVC(C=1, gamma=0.1, kernel='linear')",
0,ExpandGAN,0.5,0.35774891774891776,0.0,"SVC(C=1, gamma=0.1)",0.5
0,ExpandGAN,0.5000775296827928,0.3547907647907648,0.0003916831139567925,"SVC(C=1, gamma=0.1)",0.75
0,ExpandGAN,0.5005875551604628,0.3616738816738817,0.0024980323060296793,"SVC(C=5, gamma=0.1)",1.0
