,lr_1,max_epochs_1,final_loss,max_loss,time_taken,epoch_final,final_select
0,0.0005,500,10.796558380126953,3,00:02,500,1
1,0.0001,500,10.835565567016602,3,00:02,500,0
