,impute_method,mean_roc_auc,mean_accuracy,sd_roc_auc,hyp,n_expand
0,ExpandGAN,0.5,0.35774891774891776,0.0,"SVC(C=5, gamma=0.1)",0.25
0,GAN,0.5,0.3485714285714286,0.0,"SVC(C=1, gamma=0.1)",
0,SMOTE,0.8647361230946218,0.8771428571428571,0.0,"SVC(C=1, gamma=0.1, kernel='linear')",
0,RO,0.8647361230946218,0.8771428571428571,0.0,"SVC(C=1, gamma=0.1, kernel='linear')",
0,ExpandGAN,0.5000428501291314,0.3577922077922078,0.00026219840524659274,"SVC(C=5, gamma=0.1)",0.5
0,ExpandGAN,0.5003130238246718,0.3581818181818182,0.001706870092218881,"SVC(C=5, gamma=0.1)",0.75
0,ExpandGAN,0.5004468396940356,0.36132756132756133,0.0012491404732565188,"SVC(C=5, gamma=0.1)",1.0
