,impute_method,mean_roc_auc,mean_accuracy,sd_roc_auc,hyp,n_expand
0,ExpandGAN,0.5659438597903969,0.5596281723844366,0.10468878540533261,"HistGradientBoostingClassifier(learning_rate=0.01, min_samples_leaf=10)",0.25
0,GAN,0.6338874545152572,0.628103357032742,0.06995711996240576,HistGradientBoostingClassifier(min_samples_leaf=10),
0,SMOTE,0.5002264800471079,0.4922574261982007,0.0008769027996129339,HistGradientBoostingClassifier(min_samples_leaf=25),
0,RO,0.5001585360329754,0.49218839879432136,0.0005776668420152798,HistGradientBoostingClassifier(min_samples_leaf=25),
0,ExpandGAN,0.6345495940974267,0.6296909873219668,0.13130021994244517,HistGradientBoostingClassifier(min_samples_leaf=10),0.5
0,ExpandGAN,0.5924341614114907,0.5861807137433561,0.11679535222345101,HistGradientBoostingClassifier(min_samples_leaf=25),0.75
0,ExpandGAN,0.5397976820186586,0.5326154483329882,0.09081470870920826,"HistGradientBoostingClassifier(learning_rate=1, min_samples_leaf=50)",1.0
