,lr_1,max_epochs_1,final_loss,max_loss,time_taken,epoch_final,final_select
0,0.0005,500,10.796802520751953,3,00:10,500,1
1,0.0001,500,10.804285049438477,3,00:10,500,0
