,impute_method,mean_roc_auc,mean_accuracy,sd_roc_auc,hyp
0,ExpandGAN,0.5002605505733202,0.3642568542568543,0.001864702790208326,"SVC(C=5, gamma=0.1)"
0,GAN,0.7023702657870043,0.7077922077922078,0.026815698203020974,"SVC(C=1, gamma=0.1, kernel='linear')"
0,SMOTE,0.8701287029048029,0.8928571428571429,0.0,"SVC(C=1, gamma=0.1, kernel='linear')"
0,RO,0.8701287029048029,0.8928571428571429,0.0,"SVC(C=1, gamma=0.1, kernel='linear')"
