,impute_method,mean_roc_auc,mean_accuracy,sd_roc_auc,hyp
0,ExpandGAN,0.5006794287424141,0.4258730158730159,0.002071339707697765,"SVC(C=5, gamma=0.1)"
0,GAN,0.6988398509106015,0.7036940836940837,0.033634087142563336,"SVC(C=1, gamma=0.1, kernel='linear')"
0,SMOTE,0.8574022145527754,0.88,0.0,"SVC(C=1, gamma=0.1, kernel='linear')"
0,RO,0.8574022145527754,0.88,0.0,"SVC(C=1, gamma=0.1, kernel='linear')"
