,lr_1,max_epochs_1,final_loss,max_loss,time_taken,epoch_final,final_select
0,0.0005,500,9.67386531829834,3,00:01,500,1
1,0.0001,500,9.865413665771484,3,00:01,500,0
