,lr_1,max_epochs_1,final_loss,max_loss,time_taken,epoch_final,final_select
0,0.0005,500,10.554810523986816,3,00:01,500,1
1,0.0001,500,10.750479698181152,3,00:01,500,0
