,impute_method,mean_roc_auc,mean_accuracy,sd_roc_auc,hyp
0,ExpandGAN,0.5005071203841696,0.3584848484848485,0.0032149875707748843,"SVC(C=1, gamma=0.1)"
0,GAN,0.7865224723507726,0.791038961038961,0.024765492845096035,"SVC(C=1, gamma=0.1, kernel='linear')"
0,SMOTE,0.8647361230946218,0.8771428571428571,0.0,"SVC(C=1, gamma=0.1, kernel='linear')"
0,RO,0.8647361230946218,0.8771428571428571,0.0,"SVC(C=1, gamma=0.1, kernel='linear')"
