,impute_method,mean_roc_auc,mean_accuracy,sd_roc_auc,hyp
0,ExpandGAN,0.822178137428353,0.8179220779220779,0.036912082300227744,HistGradientBoostingClassifier(min_samples_leaf=50)
0,GAN,0.7780708290846341,0.7411111111111112,0.02735726971559276,"HistGradientBoostingClassifier(learning_rate=1, min_samples_leaf=10)"
0,SMOTE,0.7254181882093874,0.7377200577200578,0.005212082858159618,HistGradientBoostingClassifier(min_samples_leaf=75)
0,RO,0.696108518315162,0.6994083694083694,0.007976456112369159,HistGradientBoostingClassifier(min_samples_leaf=50)
