,impute_method,mean_roc_auc,mean_accuracy,sd_roc_auc,hyp
0,ExpandGAN,0.5003231916519233,0.3644011544011544,0.0017348863432527942,"SVC(C=5, gamma=0.1)"
0,GAN,0.7647840208237102,0.75997113997114,0.02006104351066717,"SVC(C=1, gamma=0.1, kernel='linear')"
0,SMOTE,0.8386180615473109,0.8542857142857143,0.0,"SVC(C=1, gamma=0.1, kernel='linear')"
0,RO,0.8386180615473109,0.8542857142857143,0.0,"SVC(C=1, gamma=0.1, kernel='linear')"
