,impute_method,mean_roc_auc,mean_accuracy,sd_roc_auc,hyp
0,ExpandGAN,0.5013594021898595,0.3778499278499279,0.005752100369611462,"SVC(C=5, gamma=0.1)"
0,GAN,0.7652301342443706,0.76010101010101,0.01988137890603973,"SVC(C=1, gamma=0.1, kernel='linear')"
0,SMOTE,0.8386180615473109,0.8542857142857143,0.0,"SVC(C=1, gamma=0.1, kernel='linear')"
0,RO,0.8386180615473109,0.8542857142857143,0.0,"SVC(C=1, gamma=0.1, kernel='linear')"
