,impute_method,mean_roc_auc,mean_accuracy,sd_roc_auc,hyp
0,ExpandGAN,0.5000664540138224,0.3547763347763348,0.00046515387819152964,"SVC(C=5, gamma=0.1)"
0,GAN,0.5,0.3516305916305916,0.0,"SVC(C=5, gamma=0.1)"
0,SMOTE,0.8504510520796112,0.8694516594516595,0.0009590125884214285,"SVC(C=1, gamma=0.1, kernel='linear')"
0,RO,0.8507571763072195,0.8696248196248196,0.0010157017951234642,"SVC(C=1, gamma=0.1, kernel='linear')"
