,lr_1,max_epochs_1,final_loss,max_loss,time_taken,epoch_final,final_select
0,0.0005,500,9.417166709899902,3,00:01,500,1
1,0.0001,500,9.571175575256348,3,00:01,500,0
