,impute_method,mean_roc_auc,mean_accuracy,sd_roc_auc,hyp,n_expand
0,ExpandGAN,0.5,0.35468975468975467,0.0,"SVC(C=5, gamma=0.1)",0.25
0,GAN,0.5,0.3516305916305916,0.0,"SVC(C=5, gamma=0.1)",
0,SMOTE,0.8701287029048029,0.8928571428571429,0.0,"SVC(C=1, gamma=0.1, kernel='linear')",
0,RO,0.8701287029048029,0.8928571428571429,0.0,"SVC(C=1, gamma=0.1, kernel='linear')",
0,ExpandGAN,0.500023603884691,0.3516738816738817,0.000234855687344873,"SVC(C=5, gamma=0.1)",0.5
0,ExpandGAN,0.49994226126667884,0.35468975468975467,0.00022847446054797234,"SVC(C=5, gamma=0.1)",0.75
0,ExpandGAN,0.5000958680855143,0.3640548340548341,0.0012601014982523183,"SVC(C=5, gamma=0.1)",1.0
