,lr_1,max_epochs_1,final_loss,max_loss,time_taken,epoch_final,final_select
0,0.0005,500,-0.027552127838134766,3,00:02,0,1
1,0.0001,500,0.05392122268676758,3,00:02,0,0
