,lr_1,max_epochs_1,final_loss,max_loss,time_taken,epoch_final,final_select
0,0.0005,500,10.94045639038086,3,00:10,500,1
1,0.0001,500,10.956117630004883,3,00:11,500,0
